-- phpMyAdmin SQL Dump
-- version 4.5.4.1
-- http://www.phpmyadmin.net
--
-- Client :  localhost
-- Généré le :  Mar 02 Février 2021 à 20:50
-- Version du serveur :  5.7.11
-- Version de PHP :  7.0.3

SET SQL_MODE = "NO_AUTO_VALUE_ON_ZERO";
SET time_zone = "+00:00";


/*!40101 SET @OLD_CHARACTER_SET_CLIENT=@@CHARACTER_SET_CLIENT */;
/*!40101 SET @OLD_CHARACTER_SET_RESULTS=@@CHARACTER_SET_RESULTS */;
/*!40101 SET @OLD_COLLATION_CONNECTION=@@COLLATION_CONNECTION */;
/*!40101 SET NAMES utf8mb4 */;

--
-- Base de données :  `blog`
--

-- --------------------------------------------------------

--
-- Structure de la table `categorie`
--

CREATE TABLE `categorie` (
  `id` int(3) NOT NULL,
  `categorie` varchar(50) NOT NULL
) ENGINE=InnoDB DEFAULT CHARSET=latin1;

--
-- Contenu de la table `categorie`
--

INSERT INTO `categorie` (`id`, `categorie`) VALUES
(1, 'application'),
(2, 'crypto-monnaie'),
(3, 'gaming'),
(4, 'auto-moto'),
(5, 'robots');

-- --------------------------------------------------------

--
-- Structure de la table `cat_msg`
--

CREATE TABLE `cat_msg` (
  `id` int(5) NOT NULL,
  `id_cat` int(5) NOT NULL,
  `id_msg` int(5) NOT NULL
) ENGINE=InnoDB DEFAULT CHARSET=latin1;

--
-- Contenu de la table `cat_msg`
--

INSERT INTO `cat_msg` (`id`, `id_cat`, `id_msg`) VALUES
(1, 1, 1),
(2, 2, 2),
(3, 3, 3),
(4, 4, 4),
(5, 5, 5),
(6, 1, 6),
(7, 2, 7),
(8, 3, 8),
(9, 1, 9),
(10, 1, 10),
(11, 1, 11),
(12, 1, 12);

-- --------------------------------------------------------

--
-- Structure de la table `messages`
--

CREATE TABLE `messages` (
  `id` int(11) NOT NULL,
  `titre` varchar(100) NOT NULL,
  `auteur` varchar(25) NOT NULL,
  `date` date NOT NULL,
  `image` varchar(255) NOT NULL,
  `message` text NOT NULL
) ENGINE=InnoDB DEFAULT CHARSET=latin1;

--
-- Contenu de la table `messages`
--

INSERT INTO `messages` (`id`, `titre`, `auteur`, `date`, `image`, `message`) VALUES
(1, 'Comment trouver un job en blockchain ?', 'Patricia Delormes', '2020-09-14', 'blockchain.png', '\r\n<h2 id="h-c-est-quoi-la-blockchain"><u>C’est quoi la Blockchain ?</u></h2>\r\n\r\n\r\n\r\n<p>Selon <a href="https://blockchainfrance.net">Blockchain France</a>, la blockchain est une technologie de stockage et de transmission d’informations, transparente, sécurisée, et fonctionnant sans organe et contrôle.</p>\r\n\r\n\r\n\r\n<p>Par extension, une blockchain constitue une base de données qui contient l’historique de tous les échanges effectués entre ses utilisateurs depuis sa création. <br /><br />Cette base de donnée est sécurisée et distribuée&nbsp;: Elle est partagée par ses différents utilisateurs, sans intermédiaire, ce qui permet à chacun de vérifier la validité de la chaine. Ceci signifie que lorsqu’une transaction est effectuée, tout le monde dans le réseau en est informé.</p>\r\n\r\n\r\n\r\n<h2 id="h-comment-a-marche"><u>Comment ça marche&nbsp;?</u></h2>\r\n\r\n\r\n\r\n<p>La blockchain fonctionne avec un système de jetons ou avec une monnaie programmable telle que le Bitcoin.&nbsp;</p>\r\n\r\n\r\n\r\n<p>Dans la blockchain, toutes les transactions sont regroupées sous la forme de blocs. Chaque bloc doit ensuite être validé par les nœuds du réseau en utilisant une méthode algorithmique. Une fois que le bloc est validé, il est ajouté à la chaîne de blocs et devient donc visible de tous les utilisateurs. Voici un schéma explicatif&nbsp;:</p>\r\n\r\n\r\n\r\n<figure class="wp-block-image size-large"><img width="754" height="457" src="data:image/svg+xml,%3Csvg%20xmlns=\'http://www.w3.org/2000/svg\'%20viewBox=\'0%200%20754%20457\'%3E%3C/svg%3E" alt="" class="wp-image-491493" data-lazy-src="https://blog.lesjeudis.com/wp-content/uploads/2021/01/la-blockchain-fonctionnement.png"/><noscript><img width="754" height="457" src="https://blog.lesjeudis.com/wp-content/uploads/2021/01/la-blockchain-fonctionnement.png" alt="" class="wp-image-491493"/></noscript><figcaption>comment fonctionne la blockchain?</figcaption></figure>\r\n\r\n\r\n\r\n<h2 id="h-l-impact-de-la-blockchain-sur-l-emploi">L&#8217;impact de la blockchain sur l&#8217;emploi</h2>\r\n\r\n\r\n\r\n<p>La blockchain stipule que les transactions se réalisent sans intermédiaires. Le rôle d’un tiers bientôt disparaîtra pour céder la place au blockchain. Ceci permettra à bien clarifier la fonction de chaque collaborateur dans la chaine de valeur de l’entreprise. </p>\r\n\r\n\r\n\r\n<p>Nous pouvons donc envisager un meilleur contact et communication entre le professionnel du domaine et son client final. Ce qui se manifestera par une amélioration des activités de la production et augmentation des profits en terme de chiffres d’affaire. </p>\r\n\r\n\r\n\r\n<p>Cela aura pour conséquence une amélioration de rentabilité et donc une création d’emploi au sein de ce domaine d’activité. Et donc, la suppression des intermédiaires ne signifie pas exactement la suppression des emplois.</p>\r\n\r\n\r\n\r\n<p>Prenons par exemple Uber, c’est un acteur avec peu d’intermédiaires. C’est lui-même qui assure le lien entre les conducteurs et les clients. </p>\r\n\r\n\r\n\r\n<p>Diminuer la fonction de ces intermédiaires créera obligatoirement des nouveaux emplois chez ceux qui produisent véritablement le service. Le rôle de ces acteurs doit être remodifié puisqu’il devient de plus en plus obsolète. </p>\r\n\r\n\r\n\r\n<p>Tous les secteurs seront impactés, aussi bien les services que l’industrie ou encore la logistique.</p>\r\n'),
(2, 'Pourquoi valoriser vos soft skills auprès des recruteurs ?', 'Tom Gribois', '2021-01-12', 'cerveau-soft-skills.png', '<p>Un recruteur qui dépose une annonce sur un job board ou sur un réseau social précise de façon très claire quels profils il recherche.</p>\n<p>Il indique dans son annonce quels types de logiciels ou de technologies doivent être maîtrisés par les candidats qui souhaitent postuler, combien d’années d’expériences ceux-ci doivent avoir pour un poste donné…</p>\n<p>De même lorsqu’il recherche des CV dans une base de données, il filtre ceux-ci en fonction des savoir-faire acquis mais surtout développés lors des expériences professionnelles stipulées.</p>\n<p>Ainsi lorsque l’une personne candidate ou se trouve sélectionnée pour un entretien après que son CV a été choisi, elle se retrouve en concurrence avec d’autres personnes qui ont a priori les mêmes compétences. Elle se doit donc de se distinguer.</p>\n<p>C’est là qu’interviennent les soft skills, ces compétences particulières qui peuvent faire la différence entre deux candidatures.</p>\n<h2>Les soft skills&nbsp;: un atout supplémentaire</h2>\n<p>S’il est évident pour tout le monde que les compétences professionnelles sont l’élément majeur dans le monde du recrutement informatique, les soft skills que nous possédons tous, parfois sans le savoir, sont déterminantes.</p>\n<p>Mais alors qu’est-ce donc que <a href="https://blog.lesjeudis.com/comment-reussir-dans-linformatique-avec-soft-skills">ces compétences innées (soft skills) que vous devez révéler aux recruteurs</a>&nbsp;? Ce sont celles qui, précisément, ne figurent pas dans un curriculum vitae, celles que vous n’avez pas apprises à mettre en avant jusque-là, mais qu’il est vivement conseillé de faire valoir.</p>\n<p>Il s’agit de vous, de ce qui fait de vous un individu particulier, de ce petit plus qui peut faire la différence dans un travail d’équipe, de ce qui vous sert dans votre travail quotidien mais qui n’a rien à voir avec ce que vous avez appris, ni durant votre formation initiale, ni pendant vos années d’expérience. Il s’agit là de qualités humaines plus que professionnelles à proprement parler.</p>\n<h2>La sécurisation des recrutements</h2>\n<p>Il n’est pas toujours facile, pour un recruteur, de pouvoir faire le bon choix, entre toutes les candidatures, actives ou passives, qu’il consulte pour réaliser une première sélection.</p>\n<p>C’est pourquoi ces compétences dites&nbsp;<em>douces</em>&nbsp;sont si importantes. Sachant la somme de temps que passe une personne chargée de recruter et le budget que cela représente pour une société qui recrute, entre la sélection drastique des CV et l’organisation des séances d’entretien, on considère qu’il y a tout de même encore un tiers des recrutements qui ne durent pas plus d’une année.</p>\n<p>Cela est dû en partie au fait que les générations qui se présentent aujourd’hui sur le marché de l’emploi n’ont plus les mêmes repères ni les mêmes attitudes face à l’emploi que les précédentes.</p>\n<p>Mais c’est aussi plus simplement parce que les personnes recrutées n’ont pas la personnalité qui correspond à l’entreprise, pas la vision du travail ou de l’organisation de celui-ci qui sont attendues par le recruteur.</p>\n<p>La personnalité est une donc une donnée extrêmement importante, parmi les compétences non-listées sur un CV.</p>\n<h2>Hard skills VS Soft Skills</h2>\n<p>Tout le monde a compris que les compétences techniques pures, celles que le chargé de recrutement peut voir, quand ses yeux vont scanner un CV – opération qui prend entre trente secondes et une minute seulement&nbsp;! – sont toujours importantes aujourd’hui, mais elles sont de moins en moins révélatrices de ce qu’une personne peut être en mesure d’apporter à une entreprise.</p>\n<p>Nombre d’entre elles sont d’ailleurs prises en charge de façon automatique par des robots, dans un monde professionnel où l’intelligence artificielle fait sans cesse des progrès.</p>\n<p>Dès lors c’est&nbsp;<strong>le savoir-être</strong>&nbsp;qui prend de l’importance chez un collaborateur, c’est-à-dire sa capacité à anticiper, à être force de proposition, à apporter quelque chose que seul un humain est à même d’offrir.</p>\n<p>Par conséquent dans un recrutement en IT, les compétences informatiques sont challengées par les compétences personnelles.</p>\n<h2>Les compétences douces au sein d’une équipe</h2>\n<p>Son expérience de l’univers du recrutement permet a notre <a href="https://www.lesjeudis.com/">site d&#8217;emploi informatique &#8216;Lesjeudis&#8217;</a> de comprendre et donc d’expliquer aux candidats les facteurs qui s’avèrent révélateurs d’une personnalité qui peut coïncider avec le besoin de l’entreprise, qui souhaite avant tout embaucher la&nbsp;<em>bonne&nbsp;</em>personne dans une équipe.</p>\n<p>D’abord&nbsp;<strong>la curiosité</strong>&nbsp;n’est pas un défaut, quand on évolue au sein d’un groupe d’humains qui travaillent de concert. Or&nbsp;<strong>le sens du collectif</strong>&nbsp;est crucial en équipe et il se nourrit de cette curiosité des personnes comme de ce qu’elles peuvent s’apporter les unes aux autres.</p>\n<p>C’est pourquoi&nbsp;<strong>la communication</strong>&nbsp;a une place de choix dans ces compétences qu’il faut avoir en soi. Dans le même ordre d’idées, on compte parmi les soft skills&nbsp;<strong>l’empathie</strong>&nbsp;ainsi que&nbsp;<strong>l’intelligence émotionnelle</strong>, celle qui permet de comprendre les autres sans pour autant devoir subir leurs émotions, mais aussi de pouvoir identifier les siennes propres et de ne pas les laisser influencer son travail.</p>\n<p><strong>La présence</strong>&nbsp;permanente, c’est-à-dire la capacité à rester concentré sur son projet est aussi une compétence douce qui a une grande valeur, au même titre que&nbsp;<strong>la confiance</strong>, dans les autres comme en soi-même et en ses possibilités.</p>\n<h2>Les soft skills qui font aller de l’avant</h2>\n<p>En matière de soft skills il en est quelques autres qui font d’un collaborateur la personne qui, du jour au lendemain, pourrait porter à elle seule un projet, l’incarner au sein de l’entreprise comme à l’extérieur de celle-ci.</p>\n<p><strong>La motivation</strong>,<strong>&nbsp;l’esprit d’entreprendre</strong>&nbsp;comme&nbsp;<strong>l’audace&nbsp;</strong>sont de rigueur, quand on souhaite faire avancer les choses, que l’on a l’intention d’apporter sa touche personnelle dans le développement d’un projet, d’une idée.</p>\n<p>C’est pourquoi&nbsp;<strong>la créativité</strong>&nbsp;est une richesse, surtout si elle est alliée avec&nbsp;<strong>une vision</strong>,<strong>&nbsp;une visualisation</strong>&nbsp;des orientations que pourraient prendre l’équipe pour mener à bien son travail, tout en tenant compte du<strong>&nbsp;facteur temps</strong>.</p>\n<p>Or pour que cela soit efficace il est essentiel d’être capable de faire face aux problèmes sans perdre ses moyens, de savoir&nbsp;<strong>gérer son stress</strong>&nbsp;pour trouver la meilleure façon de résoudre ces soucis et d’aller au bout des choses.</p>\n'),
(3, 'WordPress ou Drupal : quel CMS choisir pour votre projet web ?', 'Sarah Flaubert', '2021-01-12', 'wordpress-vs-drupal.png', '<p>WordPress et Drupal font partie des plateformes de gestion de contenu <a href="https://blog.lesjeudis.com/cms-open-source-ou-proprietaire">(CMS) open source </a>les plus utilisées dans le monde.</p>\n\n\n\n<p>Un CMS est un outil qui permet de créer un site web dynamique et responsive (site vitrine, blog, site e-commerce, site corporate ou multinational) et d’en éditer le contenu sans avoir à coder. En effet, le gros avantage de ce type d’outil est qu’il ne nécessite, en théorie, aucune notion en langage de programmation.</p>\n\n\n\n<p>Grâce à lui, vous pouvez créer un site de A à Z, personnaliser son apparence, créer autant de pages que vous le souhaitez et y ajouter du contenu : articles de blog, fiches produits, forums, FAQ, etc.</p>\n\n\n\n<p>En utilisant un système de gestion de contenu, vous pouvez mettre sur pied un site web opérationnel en seulement quelques heures, parfois même en important des modèles de page pré-conçus qu’il ne manquera plus qu’à personnaliser.</p>\n\n\n\n<h2 id="h-parts-de-march-des-cms-dans-le-monde">Parts de marché des CMS dans le monde</h2>\n\n\n\n<p>Sur la liste des CMS les plus populaires sur le marché &#8211; notamment en France &#8211; figurent&nbsp; également Joomla (6,4% de part de marché &#8211; “market share”) et Magento (2,5%). Ce dernier est une plateforme réservée aux sites e-commerce, à l’image de Shopify et PrestaShop.&nbsp;</p>\n\n\n\n<p>Sur le graphique ci-dessous, on peut clairement voir que WordPress* est le CMS le plus utilisé puisqu’il détient près de 60% de part de marché contre seulement 4,6% pour Drupal.</p>\n\n\n\n<p><em>* Il est important de noter que dans cet article nous faisons référence à WordPress.org (en solution hébergée) et non WordPress.com.</em></p>\n\n\n\n<figure class="wp-block-image"><img src="data:image/svg+xml,%3Csvg%20xmlns=\'http://www.w3.org/2000/svg\'%20viewBox=\'0%200%200%200\'%3E%3C/svg%3E" alt="" data-lazy-src="https://lh4.googleusercontent.com/cNPEsn8mnLMd9_TJIECBt8-CyMoEpFZnyKgprFkrUFnOv0zSYjDv33ahIzDeP7bf7kxw0jBQ7O1b_YWjuCY9akwJ7wJ77qsutcuS4zSBXiwQpHaEM9E0rjJ4h94KYry3m7Dpbgal"/><noscript><img src="https://lh4.googleusercontent.com/cNPEsn8mnLMd9_TJIECBt8-CyMoEpFZnyKgprFkrUFnOv0zSYjDv33ahIzDeP7bf7kxw0jBQ7O1b_YWjuCY9akwJ7wJ77qsutcuS4zSBXiwQpHaEM9E0rjJ4h94KYry3m7Dpbgal" alt=""/></noscript></figure>\n\n\n\n<figure class="wp-block-image"><img src="data:image/svg+xml,%3Csvg%20xmlns=\'http://www.w3.org/2000/svg\'%20viewBox=\'0%200%200%200\'%3E%3C/svg%3E" alt="" data-lazy-src="https://lh3.googleusercontent.com/vVlCJ-eFMyORzqFu12tvXLJNC5rYfhKY-D2wbEtXRaxh35oe34Nx2h6_98PEFCTbzYT6uLUF16nh0fC1RAZiquqCxh7edfiVRHqUobPlqWZr-TvVfvlsd0dxyAVbIp7CHrj7rtiQ"/><noscript><img src="https://lh3.googleusercontent.com/vVlCJ-eFMyORzqFu12tvXLJNC5rYfhKY-D2wbEtXRaxh35oe34Nx2h6_98PEFCTbzYT6uLUF16nh0fC1RAZiquqCxh7edfiVRHqUobPlqWZr-TvVfvlsd0dxyAVbIp7CHrj7rtiQ" alt=""/></noscript><figcaption>Source: <a href="https://www.opensourcecms.com/cms-market-share/">Open Source CMS</a></figcaption></figure>\n\n\n\n<h2 id="h-wordpress-ou-drupal-quel-cms-choisir-en-fonction-de-votre-site-web">WordPress ou Drupal : quel CMS choisir en fonction de votre site web ?</h2>\n\n\n\n<p>Si vous êtes en train de lire cet article, c’est probablement parce que vous vous demandez <a href="https://blog.lesjeudis.com/quel-systeme-de-gestion-de-contenu-choisir">quel système de gestion de contenu choisir</a> pour votre projet de création de site web.</p>'),
(4, 'Comment organiser son CV pour passer les filtres automatiques et taper dans l’œil des recruteurs', 'Rémi Tang', '2020-09-09', '4-chaisses-salle-recrutement-800x600.jpg', '<p>Vous l&#8217;ignorez peut-être, mais les grandes sociétés qui recrutent utilisent des outils qui leur permettent d&#8217;automatiser le tri des CVs qu&#8217;elles reçoivent.</p>\n\n\n\n<p>À titre d&#8217;exemple, la société Google a reçu <a href="https://www.lesechos.fr/tech-medias/hightech/malgre-les-critiques-google-a-recu-plus-de-trois-millions-de-cv-1161931?source=korben.info" target="_blank" rel="noreferrer noopener">plus de 3 millions de CV en 2019</a>, soit +8 000 par jour. Autant vous dire qu&#8217;il est impossible de tous les parcourir. Heureusement, les algos sont nos amis et permettent de faire une présélection avant que votre CV n&#8217;arrive devant les yeux d&#8217;un humain.</p>\n\n\n\n<p>Alors, comment faire pour que votre CV passe à la fois ce filtrage automatique, mais également la sélection humaine qui vient après celle-ci pour mettre toutes les chances de votre côté dans votre recherche d&#8217;emploi ?</p>\n\n\n\n<p>Je vais vous donner quelques conseils faits de bon sens qui vous permettront d&#8217;aller au-delà des algorithmes de tri, mais également de taper fort dans l’œil d&#8217;un recruteur humain.</p>\n\n\n\n<h2 id="h-l-objectif-de-votre-cv">L&#8217;objectif de votre CV</h2>\n\n\n\n<p>À l&#8217;époque, quand j&#8217;ai appris à faire un CV à l&#8217;école puis chez Pôle Emploi, ce qu&#8217;on m&#8217;a dit c&#8217;est d&#8217;y fourrer toutes mes compétences, toute mon expérience professionnelle et tout mon parcours scolaire. Évidemment, si je faisais du cheval ou du VTT le week-end, il fallait également le mentionner.</p>\n\n\n\n<p>Autant dire (en toute modestie bien sûr) que je manquais rapidement de place. J&#8217;ai donc appris à faire l&#8217;impasse sur certaines choses pour ne conserver finalement que ce qui était &#8220;essentiel&#8221;. Je suis parti d&#8217;une problématique de place sur un page A4, pour, au final, arriver naturellement à composer un CV qui corresponde à la recherche de l&#8217;employeur.</p>\n\n\n\n<p>Et oui ! Surprise ! Le CV n&#8217;est pas là pour étaler vos compétences et votre parcours, mais plutôt pour montrer à votre futur employeur que votre expérience, vos compétences et votre profil correspondent à son besoin immédiat.</p>\n\n\n\n<p>Si celui-ci recherche un développeur React Native ou Flutter, vous devez être capable de voir au-delà des technologies pour comprendre que la problématique principale de ce recruteur est de trouver quelqu&#8217;un qui saura cerner son besoin fonctionnel et lui fournir une application mobile.</p>\n\n\n\n<p>À vous donc d&#8217;orienter votre CV en utilisant un vocabulaire / des mots clés propres à son besoin et ainsi renforcer vos chances de passer ce premier filtre automatisé fait de détection de mots clés.</p>\n\n\n\n<h2 id="h-la-mise-en-page">La mise en page</h2>'),
(5, 'Data Visualisation en R', 'Mathhieu Détouches', '2019-11-03', 'data-visualisation-r.png', '<p>La DataViz, ou la visualisation de données, est une pratique courante visible&nbsp;au quotidien au point que cela devient anodin; ne serait-ce qu’en ouvrant un journal ou en regardant la télévision. </p>\n\n\n\n<p>Prenons l&#8217;exemple omniprésent du sondage ou des statistiques. Avec l’ère numérique, la DataViz est devenue un redoutable outil de communication et de persuasion.</p>\n\n\n\n<div class="wp-block-image"><figure class="aligncenter size-large"><img width="601" height="331" src="data:image/svg+xml,%3Csvg%20xmlns=\'http://www.w3.org/2000/svg\'%20viewBox=\'0%200%20601%20331\'%3E%3C/svg%3E" alt="" class="wp-image-491230" data-lazy-src="https://blog.lesjeudis.com/wp-content/uploads/2020/12/DATA-VIZ-1-1.png" /><noscript><img width="601" height="331" src="https://blog.lesjeudis.com/wp-content/uploads/2020/12/DATA-VIZ-1-1.png" alt="" class="wp-image-491230" /></noscript><figcaption>Data Visualisation en R : Lexique </figcaption></figure></div>\n\n\n\n<p>La multiplication exponentielle des données sur le web et les progrès de l’informatique permettent aujourd’hui d’emmagasiner de nombreuses  informations reliées entre elles. </p>\n\n\n\n<h4 id="h-origine-scientifique">Origine scientifique </h4>\n\n\n\n<p>Même une tête bien faite favorise un contenu visuel. Il peut en effet enregistrer jusqu&#8217;à plus de 70% des informations via l’image. Il examine la data visuelle 60 000 fois plus vite que de simples chiffres ou un ensemble de mots écrits . Il est désormais avéré que  la communication non verbale plafonne les 90% sur les réseaux sociaux, mais aussi dans les échanges entre salariés et bien d&#8217;autres.</p>\n\n\n\n<p>Des études en neurologie révèlent que notre cerveau assimile de manière plus efficiente un support visuel. Cela lui demande donc moins de travail dans le traitement d&#8217;information. L&#8217;image permet en effet la <strong>décomplexification</strong> <strong>de données </strong>qui en temps normal serait difficilement abordable par un public non savant. Ainsi<strong>, le cerveau favorise le  visuel</strong>. Il soustrait le surplu et extirpe uniquement les informations fécondes.</p>\n\n\n\n<h4 id="h-la-r-alit-du-terrain">La réalité du terrain</h4>\n\n\n\n<p><strong>La data visualisation outille  désormais grandement les entreprises</strong>. Elle solutionne le traitement de données. Le pari de la visualisation de données est succinctement l&#8217;optimisation de temps à travers une analyse intelligente et rapide de la data.  Il s&#8217;agit de minimiser le temps de reflection et maximiser les éléments de conviction quant au choix d&#8217;une stratégie. </p>\n\n\n\n<p>Les acteurs institutionnels, journalistiques, et les grandes entreprises l&#8217;utilisent à ces fins.</p>\n\n\n\n<p>Nous ferons ,dans cet article, un scan complet de cette science imparable. </p>'),
(6, 'Kotlin pour le développement Android', 'Anne Petit', '2021-01-12', 'banniere-kotlin-developpement-android-1600x533-1.png', '<p>Kotlin est un language de programmation informatique pour le development Android. </p>\n\n\n<div class="ub_divider" id="ub_divider_b0ff79bd-9bdd-40a7-a7c6-c993c5c5043d"></div>\n\n\n<p>Historiquement la technologie utilisée pour le <strong>développement Android</strong> en natif est <a href="https://blog.lesjeudis.com/java-pour-debutants">Java</a>. Google a toujours eu des souci quant au support et à l’apport de nouvelles nouvelles versions de Java. Par conséquent un nouveau language a été pensé. Il s’agit de Kotlin. </p>\n\n\n\n<figure class="wp-block-image size-large"><img width="480" height="240" src="data:image/svg+xml,%3Csvg%20xmlns=\'http://www.w3.org/2000/svg\'%20viewBox=\'0%200%20480%20240\'%3E%3C/svg%3E" alt="" class="wp-image-490835" data-lazy-src="https://blog.lesjeudis.com/wp-content/uploads/2020/10/KOTLING-LOGO-1.png" /><noscript><img width="480" height="240" src="https://blog.lesjeudis.com/wp-content/uploads/2020/10/KOTLING-LOGO-1.png" alt="" class="wp-image-490835" /></noscript><figcaption>Kotlin : </figcaption></figure>\n\n\n\n<p>C’est JetBrains, l’éditeur de l&#8217;environnement de développement Android Studio qui est à l’origine de Kotlin. Ce nouveau <a href="https://blog.lesjeudis.com/langage-de-programmation-apprendre">langage de programmation</a>&nbnbsp; a été révèlé au public pour la toute première fois en 2011.</p>\n\n\n\n<figure class="wp-block-image size-large"><img width="774" height="533" src="data:image/svg+xml,%3Csvg%20xmlns=\'http://www.w3.org/2000/svg\'%20viewBox=\'0%200%20774%20533\'%3E%3C/svg%3E" alt="" class="wp-image-490836" data-lazy-srcset="https://blog.lesjeudis.com/wp-content/uploads/2020/10/IntelliJ_IDEA_logo_01-774x533.png 774w, https://blog.lesjeudis.com/wp-content/uploads/2020/10/IntelliJ_IDEA_logo_01-768x529.png 768w" data-lazy-sizes="(max-width: 774px) 100vw, 774px" data-lazy-src="https://blog.lesjeudis.com/wp-content/uploads/2020/10/IntelliJ_IDEA_logo_01-774x533.png" /><noscript><img width="774" height="533" src="https://blog.lesjeudis.com/wp-content/uploads/2020/10/IntelliJ_IDEA_logo_01-774x533.png" alt="" class="wp-image-490836" srcset="https://blog.lesjeudis.com/wp-content/uploads/2020/10/IntelliJ_IDEA_logo_01-774x533.png 774w, https://blog.lesjeudis.com/wp-content/uploads/2020/10/IntelliJ_IDEA_logo_01-768x529.png 768w" sizes="(max-width: 774px) 100vw, 774px" /></noscript><figcaption>Kotlin : Intellij </figcaption></figure>\n\n\n\n<p>Kotlin a pour objectif la création d’applications mobiles sous les systèmes d’applications d’Android. </p>\n\n\n\n<p>Lors de la conférence Google I/O 2017, le géant américain a annoncé que Kotlin devenait “officiellement” le second langage de programmation supporté sur Android après Java. &nbsp;Aujourd’hui de célèbres entreprises ont adopté Kotlin pour la création de leur applications mobiles comme Pinterest, Trello, Evernote ou encore Uber.</p>\n\n\n\n<h2 id="h-un-sponsor-nomm-google">Un Sponsor Nommé Google &#8212;&#8212;&#8212; &gt;</h2>\n\n\n\n<p>L’appui technologique de Google envers ce langage est à la fois un gage de qualité et de longévité.&nbsp;</p>\n\n\n\n<p>Google a très vite adapté beaucoup de librairies au langage. La documentation officielle présente maintenant par défaut les exemples de code en Kotlin, et des développeurs influents chez eux militent et encouragent la migration de Java vers Kotlin.</p>\n\n\n\n<h2 id="h-l-volution-kotlin">L&#8217;évolution Kotlin</h2>\n\n\n\n<p>Les équipes de JetBrains font constamment évoluer Kotlin. Le cycle des mises à jour est régulier, les bugs éventuels sont corrigés très rapidement et de nouvelles fonctionnalités apparaissent de manière récurrente.</p>\n\n\n\n<p>Un exemple parfait de cette évolution constante est la fonctionnalité des coroutines qui est passée par plusieurs phases de développement afin d’intégrer l’API stable en version 1.3.</p>\n\n\n\n<h3 id="h-pourquoi-utiliser-kotlin-pour-la-cr-ation-de-son-application-mobile"><strong>Pourquoi utiliser Kotlin pour la création de son application mobile ?</strong></h3>\n\n\n\n<p><em>Un code Minimaliste</em></p>'),
(7, '6 astuces pour devenir un expert en sécurité', 'Stéphane Bierre', '2021-01-11', 'banner-la-cybersecurite.png', '<p>Développer une expertise en une matière quelconque requiert de suivre des études et d’acquérir des connaissances spécialisées dans cette matière ; le processus qui permet de devenir expert en sécurité informatique n’échappe pas à cette règle générale.</p>\n\n\n\n<p>Pour ce secteur de pointe dans lequel les aptitudes dont il est nécessaire de faire preuve sont en constante évolution, seuls les meilleurs et ceux qui s’efforcent de se tenir le plus possible à jour peuvent se prévaloir d’une expertise avérée.</p>\n\n\n\n<p>Avec les attaques informatiques successives de ces dernières années, la demande en matière de sécurité informatique s’est considérablement accrue.</p>\n\n\n\n<p>Si elles sont animées par des attentes fortes, les entreprises et autres entités qui formulent de telles demandes ne manquent pas d’être particulièrement sélectives quant aux profils des personnes qu’elles sont susceptibles de retenir afin de prendre en charge leur sécurité digitale.</p>\n\n\n\n<p>En dépit de son caractère indispensable, un cursus académique commun peut donc se révéler totalement insuffisant pour justifier d’une réelle expertise sur ce registre. Diverses astuces existent qui permettent d’acquérir les compétences requises pour devenir <a href="https://www.lesjeudis.com/metiers/g%C3%A9n%C3%A9ral/expert-s%C3%A9curit%C3%A9/fiche">expert en sécurité informatique</a>.</p>\n\n\n\n<div style="height:30px" aria-hidden="true" class="wp-block-spacer"></div>\n\n\n\n<h2>Astuce 1 : Se former convenablement pour devenir expert en sécurité informatique</h2>\n\n\n\n<div style="height:30px" aria-hidden="true" class="wp-block-spacer"></div>\n\n\n\n<p>Les experts de la sécurité informatique font bien souvent penser à des hackers doués qui se révèlent prodigieux grâce à leurs méthodes disruptives. Cependant, la plupart des parcours qui permettent de devenir expert en sécurité informatique passent par un cursus académique.</p>\n\n\n\n\n\n\n\n<p>Related: <a href="https://blog.lesjeudis.com/lavenir-de-la-formation-du-technicien-de-maintenance-de-reseaux-informatiques" rel="noreferrer noopener" target="_blank">L’Avenir de la formation du technicien de maintenance de réseaux informatiques</a></p>\n\n\n\n\n\n\n\n<p>Ce type de formation conduit à développer une bonne connaissance des divers types d’architectures et de méthodes existants ainsi que des règles et bonnes pratiques à entretenir. Cela passe généralement par une licence, un Bac+5 ou une école d’ingénieur.</p>\n\n\n\n<p>Une formation convenable a l’avantage notable de permettre d’acquérir l’expérience cumulée des praticiens du secteur mais également des connaissances qui, bien que conventionnelles, renseignent néanmoins sur de multiples techniques conçues dans le but d’<a href="https://blog.lesjeudis.com/dix-pratiques-essentielles-pour-ameliorer-la-cybersecurite-de-votre-entreprise">améliorer la cybersécurité</a>.</p>\n'),
(8, 'Langage archaique Cobol: Evolution ou migration ?', 'Victor Nammien', '2021-01-12', 'cobol-evolution-1600x533_1.jpg', '<p>Créé en 1959, le Cobol est un <a href="https://www.lesjeudis.com/technologies/langage">langage de programmation</a> désuet depuis maintenant une dizaine d’années. </p>\n\n\n\n<p>Néanmoins, le <strong>développeur Cobol</strong> continue à intervenir dans les entreprises pour maintenir les applications existantes développées dans ce langage ou pour les faire évoluer, soit en proposant de nouveaux modules soit en créant des interfaces. </p>\n\n\n\n<p>Le développeur Cobol est également un consultant qui donne un avis pertinent et objectif sur l’intérêt de migrer vers d’autres langages tels que Java ou C. </p>\n\n\n\n<p>Sa mission, dans ce cas, est d’assurer la conversion des codes et la migration des données en recourant à des convertisseurs ou en les développant lui-même. </p>\n\n\n\n<p>Au-delà des compétences techniques à maîtriser au niveau des langages de programmation, il doit avoir de bonnes qualités relationnelles pour pouvoir optimiser la phase de développement (écoute, encadrement).</p>\n\n\n\n\n\n\n\n<p><strong>Principales missions</strong></p>\n\n\n\n<ul><li>Étudier les besoins du client</li><li>Répondre au cahier des charges</li><li>Développer un plan de programmation</li><li>Former les utilisateurs à la nouvelle application</li><li>Maintenir l’application existante et la faire évoluer</li><li>Conseiller sur l’opportunité d’une migration</li><li>Effectuer la migration des applications développées en Cobol</li><li>Encadrer éventuellement une équipe de développeurs</li></ul>\n\n\n\n<p><strong>Formation</strong></p>\n\n\n\n<ul><li>BTS ou DUT informatique avec expérience</li><li>Niveau ingénieur Bac +4/5 souvent requis pour les jeunes diplômés</li></ul>\n\n\n\n<p><br />Compétences professionnelles</p>\n\n\n\n<ul><li>Connaissance du Cobol</li><li>Connaissance des langages Java et C pour les migrations</li><li>Maîtrise des outils de développement graphique (Acubench, Citech)</li></ul>\n\n\n\n<p><strong>Profil</strong></p>\n\n\n\n<ul><li>Rigueur</li><li>Organisation et sens de la méthode</li><li>Écoute</li><li>Qualités relationnelles</li><li>Goût pour le travail en équipe</li></ul>\n\n\n\n<p><strong>Salaire</strong><br /><br /><br />Le salaire de départ d’un développeur Cobol est d’environ 20 k€. Après 2 ans d’expérience, sa rémunération se situera entre 28 et 32 k€. Elle peut atteindre 40 k€ pour un développeur Cobol très expérimenté.<strong><br /><br /><br />Évolution professionnelle</strong><br /><br />Le jeune&nbsp;développeur Cobol&nbsp;n’a pas pour ambition d’être « coboliste » toute sa vie. L’évolution naturelle est de passer à un autre <a href="https://www.lesjeudis.com/technologies/langage">langage de programmation</a> et de devenir analyste ou encore <a href="https://www.lesjeudis.com/metiers/g%C3%A9n%C3%A9ral/chef-de-projet-informatique/fiche">chef de projet</a>.</p>\n\n\n\n<h2>foire aux questions sur les développeurs de cobol</h2>\n\n\n\n<div class="schema-faq wp-block-yoast-faq-block"><div class="schema-faq-section" id="faq-question-1590762827119"><strong class="schema-faq-question"></strong><strong>Y a-t-il encore beaucoup de développeurs Cobol ?</strong> <p class="schema-faq-answer">Il faut, en effet, savoir que le langage de programmation créé en 1959 est obsolète depuis une dizaine d’années : on ne forme plus de développeurs Cobol, on ne développe plus de nouvelles applications de gestion en Cobol. <br /><br />On estime à 1 million le nombre de développeurs Cobol dans le monde aujourd’hui et peut-être 5 000 en France. Si un développeur non étiqueté Cobol devait travailler sur ce langage lors d’une mission en entreprise, il pourrait très facilement l’apprendre : ça reste un langage informatique avec des sources d’information et des règles.</p> </div> <div class="schema-faq-section" id="faq-question-1590762854522"><strong class="schema-faq-question"></strong><strong>Comment se passe une migration ?</strong> <p class="schema-faq-answer">Beaucoup de grosses entreprises, de banques, de compagnies d’assurance possèdent encore des applications programmées en Cobol. Deux possibilités s’offrent à elles : migrer vers des applications Web ou maintenir les programmes Cobol.<br /><br />Chaque migration est différente : elle dépend des caractéristiques de l’application de départ et de celle d’arrivée. Il faut passer par deux phases : la conversion des lignes de codes et la migration des données. La conversion se fait idéalement avec des convertisseurs, mais à défaut, il faut les réaliser soi-même ou les sous-traiter à d’autres professionnels ayant les outils et les compétences.<br /></p> </div> <div class="schema-faq-section" id="faq-question-1590762877642"><strong class="schema-faq-question"></strong><strong>Qu’appréciez-vous dans le métier de développeur ?</strong> <p class="schema-faq-answer">J’aime beaucoup réaliser des applications. Au fond, c’est de la création. Pour cela, on passe par différentes étapes : analyser les besoins du client, répondre au cahier des charges, faire développer ou développer soi-même, assurer la maintenance.<br /></p> </div> </div>'),
(9, 'Solutions SEO Made in France', 'Bertrand Terinni', '2021-02-16', 'outils-ateliers-outils-seo1600x533.jpg', '<p>L’innovation dans le domaine du SEO mondial n’est pas le monopole des entreprises américaines.</p>\r\n<p>Il existe aujourd’hui un grand nombre de <strong>logiciels de référencement</strong> naturel très performants gérés par des startups françaises et elles ont conquis le cœur des professionnels dans tout l’hexagone et bien au-delà de la France.</p>\r\n<p>Crawlers sophistiqués, logiciels de positionnement, outils d’analyse de backlinks, générateurs de mots clés, outil d’analyse de performance, de statistiques et de metrics, analyse sémantique, certains d’entre eux sont même sur le point de rivaliser avec les outils développés par les grandes entreprises de la Silicon Valley.</p>\r\n<p>Cet article a pour objectif de décrire certains d’entre eux, mais sachez que la liste n’est pas exhaustive.</p>\r\n<h2><strong>Botify</strong></h2>\r\n<p><img class="alignnone size-full wp-image-489401" src="data:image/svg+xml,%3Csvg%20xmlns=\'http://www.w3.org/2000/svg\'%20viewBox=\'0%200%20800%20541\'%3E%3C/svg%3E" alt="Botify Analytics" width="800" height="541" data-lazy-srcset="https://blog.lesjeudis.com/wp-content/uploads/2020/01/botify-analytics.png 800w, https://blog.lesjeudis.com/wp-content/uploads/2020/01/botify-analytics-300x203.png 300w, https://blog.lesjeudis.com/wp-content/uploads/2020/01/botify-analytics-768x519.png 768w" data-lazy-sizes="(max-width: 800px) 100vw, 800px" data-lazy-src="https://blog.lesjeudis.com/wp-content/uploads/2020/01/botify-analytics.png" /><noscript><img class="alignnone size-full wp-image-489401" src="https://blog.lesjeudis.com/wp-content/uploads/2020/01/botify-analytics.png" alt="Botify Analytics" width="800" height="541" srcset="https://blog.lesjeudis.com/wp-content/uploads/2020/01/botify-analytics.png 800w, https://blog.lesjeudis.com/wp-content/uploads/2020/01/botify-analytics-300x203.png 300w, https://blog.lesjeudis.com/wp-content/uploads/2020/01/botify-analytics-768x519.png 768w" sizes="(max-width: 800px) 100vw, 800px" /></noscript></p>\r\n<p>Créé en 2014 par Adrien Menard, ce logiciel a une triple composante.</p>\r\n<p>D’abord, <strong>Botify Analitycs</strong> est un crawler qui vous permet de parcourir intégralement votre site web comme le feraient les robots des moteurs de recherche. Vous pourrez ainsi obtenir une mine d’informations sur chacune de vos pages et optimiser <strong>vos performances SEO</strong>. De ce point de vue, Botify apporte une excellente solution &#8216;cloud&#8217; alternative à des crawlers &#8216;desktop&#8217; comme Screaming Frog par exemple. Vous pourrez obtenir des rapports de données complets pour <strong>optimiser le référencement</strong> de votre site web.</p>\r\n<p><strong>Botify Log Analyzer</strong> est un excellent <strong>analyseur de logs SaaS</strong>. Il va vous permettre de connaître avec précision le nombre de pages crawlées par les robots d’indexation et les distinguer des autres visites (trafic habituel des visiteurs). Là encore, l’outil vous proposera de surveiller tous ces comportements depuis un tableau de bord.</p>\r\n<p>Enfin, <strong>Botify Keywords</strong> est la dernière partie développée. Elle permet de relier l’analyse des éléments techniques à la <strong>recherche de mots clés</strong> en connectant vos données avec l’API de Google Search Console. C’est devenu l’un des outils les plus complets et performant du marché.</p>\r\n<p>Malheureusement, son prix élevé le réserve généralement pour les grandes entreprises et les agences.</p>\r\n<p><a href="https://www.botify.com/">https://www.botify.com/</a></p>\r\n<h2><strong>OnCrawl</strong></h2>'),
(10, 'Comment la Big Data a changé le marketing d’aujourd’hui', 'Julie Paris', '2021-01-11', 'big-data-marketing-illustration-1600.png', '<p class="Corps">On ne parle plus que de lui : outil à la fois stratégique et technologique, le Big Data est en effet devenu le fer de lance du marketing digital. Parce qu’il permet une approche innovante et pertinente basée sur la connaissance du client, il est aujourd’hui au coeur de la réflexion stratégique des entreprises.</p>\r\n<p class="Corps">Dans cet article, découvrez en quoi consiste le Big Data et dans quelle mesure il transforme en profondeur l’approche marketing.</p>\r\n<p class="Corps">Tout, tout, tout, vous saurez TOUT sur le Big Data !</p>\r\n<h2 class="Titre2">Big Data : la donnée accompagne les évolutions numériques</h2>\r\n<h3>C’est quoi la Big Data ?</h3>\r\n<p>Il est (presque) impossible de passer à côté de l’engouement généré par le Big Data. Pour autant, si <a href="https://www.riskinsight-wavestone.com/2013/08/auw-origines-du-big-data/">l’expression est apparue dès les années 1990 au sein d’articles scientifiques</a>, son essence même demeure encore aujourd’hui un mystère pour certains.</p>\r\n<p>Le terme de « Big Data » &#8211; qui se traduit littéralement par « donnée de masse » &#8211; désigne en réalité les grands volumes de données numériques générées à travers l’utilisation des nouvelles technologies (connexion à un appareil, échanges sur le web, signaux émis par les GPS, etc.)</p>\r\n<p>Ces données peuvent regrouper des informations de nature diverses, liées à la fois aux entreprises (bases de données, carnets d’adresses, historique lié à l’activité) mais aussi aux clients (habitudes de consommation, coordonnées, échanges sur les réseaux sociaux, etc.)</p>\r\n<p>Les chiffres parlent déjà d’eux-même pour illustrer la croissance exponentielle du Big Data à travers le monde. Notamment ceux de l’infographie réalisée dans le cadre de l’événement <strong>BigData Corp</strong> à Paris en mars 2019 : :</p>\r\n<p><img class="alignnone size-full wp-image-489228" src="data:image/svg+xml,%3Csvg%20xmlns=\'http://www.w3.org/2000/svg\'%20viewBox=\'0%200%20575%20225\'%3E%3C/svg%3E" alt="Le marché de la big data est estimé en 210 milliards de dollars en 2020" width="575" height="225" data-lazy-srcset="https://blog.lesjeudis.com/wp-content/uploads/2018/06/marche-big-data-210-milliards-dollars-en-2020.png 575w, https://blog.lesjeudis.com/wp-content/uploads/2018/06/marche-big-data-210-milliards-dollars-en-2020-300x117.png 300w" data-lazy-sizes="(max-width: 575px) 100vw, 575px" data-lazy-src="https://blog.lesjeudis.com/wp-content/uploads/2018/06/marche-big-data-210-milliards-dollars-en-2020.png" /><noscript><img class="alignnone size-full wp-image-489228" src="https://blog.lesjeudis.com/wp-content/uploads/2018/06/marche-big-data-210-milliards-dollars-en-2020.png" alt="Le marché de la big data est estimé en 210 milliards de dollars en 2020" width="575" height="225" srcset="https://blog.lesjeudis.com/wp-content/uploads/2018/06/marche-big-data-210-milliards-dollars-en-2020.png 575w, https://blog.lesjeudis.com/wp-content/uploads/2018/06/marche-big-data-210-milliards-dollars-en-2020-300x117.png 300w" sizes="(max-width: 575px) 100vw, 575px" /></noscript></p>\r\n<p><img class="alignnone size-full wp-image-489229" src="data:image/svg+xml,%3Csvg%20xmlns=\'http://www.w3.org/2000/svg\'%20viewBox=\'0%200%20596%20441\'%3E%3C/svg%3E" alt="Indicateurs de Big data dans les economies du monde" width="596" height="441" data-lazy-srcset="https://blog.lesjeudis.com/wp-content/uploads/2018/06/big-data-chiffres-economie.png 596w, https://blog.lesjeudis.com/wp-content/uploads/2018/06/big-data-chiffres-economie-300x222.png 300w" data-lazy-sizes="(max-width: 596px) 100vw, 596px" data-lazy-src="https://blog.lesjeudis.com/wp-content/uploads/2018/06/big-data-chiffres-economie.png" /><noscript><img class="alignnone size-full wp-image-489229" src="https://blog.lesjeudis.com/wp-content/uploads/2018/06/big-data-chiffres-economie.png" alt="Indicateurs de Big data dans les economies du monde" width="596" height="441" srcset="https://blog.lesjeudis.com/wp-content/uploads/2018/06/big-data-chiffres-economie.png 596w, https://blog.lesjeudis.com/wp-content/uploads/2018/06/big-data-chiffres-economie-300x222.png 300w" sizes="(max-width: 596px) 100vw, 596px" /></noscript></p>\r\n<ul>\r\n<li><strong>210 milliards de dollars :</strong> c’est le le chiffre d’affaires annuel estimé du marché mondial de la Big Data en 2020</li>\r\n<li><strong>3% : </strong>c’est la part estimée du secteur Data Economy dans la croissance du PIB de l’UE d’ici 2020</li>\r\n<li><strong>8,2% : </strong>c’est le taux de croissance annuelle moyenne estimé du secteur Big Data et Analytique entre 2017 et 2021</li>\r\n<li><strong>8% :</strong> c’est la part des produits et services data estimée dans l’ensemble de la dépense informatique de l’UE28 en 2020</li>\r\n</ul>\r\n<h2>Pourquoi le Big Data ?</h2>\r\n<p class="Corps">En parallèle des enjeux liés à la transition digitale des entreprises, ceux du Big Data se posent naturellement face à l’importance stratégique qu’ont acquiert les données ces dernières années.</p>\r\n<p class="Corps">Avec le développement des plateformes numériques (smartphones, objets connectés, casques de réalité virtuelle entre autres), le volume de données mondiales ne cesse d’augmenter. Il doublerait ainsi tous les 3 ans selon une <span class="Hyperlink0"><a href="https://www.mckinsey.com/fr/~/media/McKinsey/Locations/Europe%20and%20Middle%20East/France/Our%20Insights/Accelerer%20la%20mutation%20numerique%20des%20entreprises/Rapport_Accelerer_la_mutation_numerique_des_entreprises.ashx">étude menée par le cabinet de conseil McKinsey Global Institute</a></span>.</p>\r\n<p class="Corps">Des chiffres qui ne peuvent que soutenir l’idée que le Big Data est devenu incontournable pour les entreprises.</p>\r\n<p class="Corps">Mais au-delà des statistiques, c’est bien sûr de la performance commerciale dont il s’agit. Car si le Big Data bouleverse les pratiques de nombreuses industries, c’est surtout au niveau de la gestion de la relation client.</p>\r\n<p class="Corps">En effet, toutes les données récoltées auprès des prospects et clients permettent aux entreprises d’analyser leur comportement d’achat afin de mieux comprendre et d’anticiper les besoins.</p>\r\n<p class="Corps">Les bases de données ainsi constituées permettent de concevoir des modèles prédictifs : plus rien n’échappe aux experts marketing ! Ils savent désormais quand contacter un prospect, relancer un client, passer des appels téléphoniques…</p>\r\n<p class="Corps">À la clé : un gain de temps (et d’argent !) et des opérations commerciales beaucoup plus performantes.</p>\r\n<h2>Comment fonctionne le Big Data ?</h2>');
INSERT INTO `messages` (`id`, `titre`, `auteur`, `date`, `image`, `message`) VALUES
(11, 'La reconversion professionnelle dans l’informatique', 'Marc Rigodin', '2020-12-07', 'la-reconversion-profesionnelle.png', '<p>Qu’il est loin le temps où nous n’occupions qu’un seul poste au cours de notre existence…!  Aujourd’hui, nous en changeons en moyenne 3 fois entre le début et la fin de notre vie professionnelle. La reconversion est devenue monnaie courante, et ce plus particulièrement dans le secteur de l’informatique, qui se distingue par sa forte attractivité…</p>\r\n<h2><b>Qu’appelle-t-on « reconversion professionnelle » ?</b></h2>\r\n<p>Une reconversion professionnelle consiste à changer de secteur d’activité et/ou de métier.</p>\r\n<p>Plusieurs raisons peuvent la justifier :</p>\r\n<ul>\r\n<li>Une perte de sens</li>\r\n<li>Un manque de reconnaissance</li>\r\n<li>Une trop grande pression</li>\r\n<li>Un désintérêt/de l’ennui au travail</li>\r\n<li>L’envie d’apprendre de nouvelles choses</li>\r\n</ul>\r\n<p>Aujourd’hui, <a href="https://www.reconversionprofessionnelle.org/">75% des travailleurs se disent insatisfaits de leur vie professionnelle</a>. Pas étonnant alors qu’ils soient de plus en plus nombreux à vouloir changer d’activité !</p>\r\n<p>Si elle est accessible à tous, la reconversion professionnelle nécessite toutefois du temps et de la patience. C’est en effet un projet qui doit être mûrement réfléchi et qui comprend plusieurs étapes de réflexion et d’analyse avant de se lancer.</p>\r\n<p>Dans un premier temps, un constat clair doit être posé par celui qui souhaite entamer une reconversion professionnelle. Ce dernier peut être résumé en une phrase « mon travail actuel ne me convient plus pour X raisons ».</p>\r\n<p>Suite à ce constat, une phase d’analyse est nécessaire pour identifier ses envies/besoins et les possibilités existantes pour les satisfaire (marché de l’emploi, possibilités de formation, taux de recrutement, etc.)</p>\r\n<p>Une analyse indispensable pour prendre la « bonne » décision et s’orienter vers un projet cohérent avec sa situation et en phase avec ses aspirations : garder son poste, se former, changer d’entreprise…</p>\r\n<p>&nbsp;</p>\r\n<h2><b>Pourquoi faire une reconversion professionnelle ?</b></h2>\r\n<p>Lorsqu’on décide de se reconvertir professionnellement, c’est généralement parce qu’on souhaite donner plus de sens à son activité professionnelle.</p>\r\n<p>Une quête de sens qui peut concerner l’intérêt porté à un domaine d’activité en particulier, la reconnaissance de son travail, l’impression de contribuer davantage à l’intérêt « collectif »…</p>\r\n<p>Si les raisons sont multiples, l’objectif recherché consiste généralement à se sentir plus épanoui(e).</p>\r\n<p>La plupart des travailleurs qui opèrent une reconversion professionnelle désirent intégrer une entreprise ou prendre part à un projet qui sera plus en accord avec leurs valeurs.</p>\r\n<p>À cela peuvent évidemment s’ajouter l’envie d’apprendre, se renouveler ou devenir plus indépendant (en décidant, par exemple, de développer sa propre structure).</p>\r\n<p>Mais la reconversion professionnelle permet parfois de répondre à d’autres types de besoins, cette fois-ci plus axés sur la sphère personnelle : un déménagement, l’envie de se recentrer sur sa vie de famille, se rapprocher de sa région d’origine, etc.</p>\r\n<h2></h2>\r\n<h2><b>L’informatique : un secteur toujours aussi attractif</b></h2>\r\n<p>S’il est un secteur d’activité où <a href="https://www.lesjeudis.com/emploi">les offres d’emploi</a> ne manquent pas, c’est bien celui de l’informatique !</p>\r\n<p>Pas étonnant alors que de nombreux salariés se tournent vers ce domaine d’activité dans le cadre d’une reconversion professionnelle.</p>\r\n<p>En 2018, <a href="https://www.regionsjob.com/actualites/it-les-10-chiffres-cles-du-secteur.html">81% des entreprises dans le secteur de l&#8217;IT faisaient part de difficultés de recrutement</a>, soit 20 points de plus par rapport à l’année précédente.</p>\r\n<p>L’informatique compte parmi les métiers les plus porteurs pour 2022, avec un <a href="https://www.nextinpact.com/news/93949-l-informatique-parmi-metiers-porteurs-demplois-pour-2022.htm">nombre d’emplois qui devrait continuer de grimper au cours des dix prochaines années</a>.</p>\r\n<p>Le secteur comptait pas moins de 474000 salariés en 2018.</p>\r\n<p>&nbsp;</p>\r\n<h2><b>Quelles options pour se former et quels délais ?</b></h2>\r\n<p>Lorsqu’on souhaite effectuer une reconversion professionnelle dans le secteur de l’informatique, plusieurs possibilités de formation existent : la formation continue, la formation en ligne ou encore l’auto-formation.</p>\r\n<p>La formation continue peut être réalisée dans un centre expert. Parmi eux, on retrouve notamment les centres de formation pour adultes tels que l’AFPA, le CNAM ou encore les réseaux GRETA.</p>\r\n<p>La durée moyenne de ces cursus varie généralement de 3 à 8 mois pendant lesquels les apprentis bénéficient d’un encadrement et de contenus opérationnels. À l’issue de la formation, une certification ou un diplôme reconnu par l’État sont généralement délivrés.</p>\r\n<p>La formation continue peut également s’effectuer en ligne, via les <a href="https://blog.lesjeudis.com/5-mooc-gratuits-pour-se-faire-plaisir-en-2017">Moocs</a>. Une option intéressante pour ceux qui préfèrent apprendre en autonomie et à leur rythme. La durée peut varier de quelques jours à plusieurs mois en fonction de la thématique choisie. En revanche, ces formations ne garantissent pas l’obtention d’une certification ou d’un diplôme final.</p>\r\n<p>Et bien sûr, pour ceux qui ont déjà la fibre « geek », il existe l’auto-apprentissage « pur » qui peut être effectué en dehors du travail ou en tant que hobby et qui permet aussi d’acquérir des compétences.</p>\r\n<div class="callout" style="background-color: #ffe6e6;"><p class="pb fl-n-i">Testez vos <a href="https://www.lesjeudis.com/tests"><strong>compétences informatiques</strong> ici</a></p>\r\n</div>\r\n<h2><b>Conseils pour une reconversion professionnelle réussie</b></h2>\r\n<p>Plusieurs critères sont à prendre en compte avant de foncer tête baissée dans une reconversion professionnelle.</p>\r\n<p>Il est important de se poser les bonnes questions : pourquoi ai-je envie de me reconvertir ? Quels sont les secteurs qui m’attirent ? Quels sont <a href="https://blog.lesjeudis.com/le-top-5-des-metiers-qui-paient-le-mieux">les métiers qui recrutent</a> et qui sont en lien avec mes affinités ?</p>\r\n<p>Pour cela, il peut être utile de faire un bilan de compétences afin de faire le point sur ses capacités et de choisir une orientation adaptée à son profil. Il est souvent recommandé de privilégier les passerelles avec son métier actuel pour que la transition soit moins compliquée.</p>\r\n<p>Par exemple, les travailleurs issus des <a href="https://www.lesjeudis.com/technologies/marketing">domaines du marketing</a>, de la communication ou encore du référencement auront probablement plus de facilité à se réorienter dans l’informatique.</p>\r\n<p>Une reconversion professionnelle réussie se base aussi sur une bonne analyse du marché pour s’assurer que le métier visé fasse l’objet d’une réelle demande en termes d’emploi. Il ne faut pas non plus hésiter à se renseigner auprès de professionnels qui pratiquent le métier en question pour rester bien ancré dans la réalité et éviter d’être déçu(e) à l’arrivée !</p>\r\n<p>Enfin, on estime qu’il est aujourd’hui préférable d’avoir moins de 40 ans si l’on espère obtenir un <a href="https://www.lesjeudis.com/">emploi en informatique</a> suite à une reconversion professionnelle. En effet, la plupart des recrutements concerne les jeunes diplômés alors que les seniors, de leur côté, sont principalement recrutés pour leur expérience.</p>\r\n<p>&nbsp;</p>'),
(12, 'Comment construire son projet professionnel ?', 'Etienne Choupard', '2020-12-20', 'le-projet-professionnnel-1600x533-2.jpg', '<span lang="FR">Vous êtes en stage de fin d’études d’ingénieur ou de Master 2 ? La fin de la vie étudiante se rapproche à grand pas et vous n’avez pas encore réfléchi à votre projet professionnel ? Rassurez-vous, vous n’êtes probablement pas le/la seul(e) ! </span></p>\r\n<p class="Corps"><span lang="FR">Dans notre article, nous vous donnons des conseils pour définir de façon claire et précise votre profil professionnel et appréhender plus sereinement la recherche de votre premier <a href="https://www.lesjeudis.com/emploi">emploi dans l’informatique</a>.</span></p>\r\n<p>Avec un projet professionnel, il est plus facile de développer une stratégie de recherche efficace.</p>\r\n\r\n\r\n<h2>Pourquoi construire un projet professionnel ?</h2>\r\n\r\n\r\n\r\n<p>Avoir un projet professionnel, c’est se définir\r\nsoi-même en tant qu’individu mais aussi se fixer des objectifs clairs et précis\r\nde recherche dans le cadre d’un futur emploi.</p>\r\n\r\n\r\n\r\n<p>Pour être pertinente, cette recherche doit être déterminée par plusieurs critères : un métier précis, un secteur d’activité précis et une zone géographique précise. </p>\r\n\r\n\r\n\r\n<p>Il est alors plus facile de développer une stratégie de recherche efficace.</p>\r\n\r\n\r\n\r\n<h2>À quoi sert un projet professionnel ?</h2>\r\n\r\n\r\n\r\n<p>Cela permet notamment de :</p>\r\n\r\n\r\n\r\n<ul><li>Prendre conscience de la valeur ajoutée de son parcours et de son expérience</li><li>Bien identifier toutes ses compétences, son expertise et son savoir-être</li><li>Savoir ce que l’on veut faire et dans quel type d’environnement on souhaite évoluer</li><li>Engager et orienter sa recherche autour d’un objectif clair et précis</li><li>Pouvoir mieux parler de soi et de sa valeur professionnelle auprès des employeurs</li><li>Être capable de «&nbsp;se vendre » dans le cadre d’un entretien de recrutement</li><li>Mieux&nbsp;«&nbsp;se vendre&nbsp;» dans le cadre d’un entretien réseau</li></ul>\r\n\r\n\r\n\r\n<p>Selon la définition de l’<strong>Institut National des Sciences Appliquées</strong> à Rennes, </p>\r\n\r\n\r\n\r\n<blockquote class="wp-block-quote"><p>« construire son projet professionnel est une démarche personnelle qui permet de mettre en adéquation son profil professionnel, ses aspirations ou ambitions, sa connaissance des milieux socioprofessionnels et celle du marché de l’emploi ».</p></blockquote>\r\n'),
(13, 'Quel langage de programmation apprendre ?', 'Igord Stoilini', '2020-07-13', 'langages-de-programmation-1600.png', '<p>“Quels sont les langages de programmation les plus utilisés ?” : telle est la question que se posent de nombreux informaticiens au début de leur carrière.&nbsp;</p>\r\n\r\n\r\n\r\n<p>Le choix d’un premier langage de programmation ne se fait pas à la légère. Il va en effet déterminer en grande partie le taux d’employabilité du <a href="https://www.lesjeudis.com/metiers/g%C3%A9n%C3%A9ral/d%C3%A9veloppeur-informatique/fiche">développeur</a> (en fonction de la demande sur la marché) ainsi que ses futures opportunités professionnelles.</p>\r\n\r\n\r\n\r\n<p>Cependant, quand on débute dans la programmation, il n’est pas évident de faire un tel choix tant les options sont nombreuses. Python, Javascript, C++, PhP… autant de langages qui ont chacun leurs particularités et qui s’inscrivent dans des projets différents.&nbsp;</p>\r\n\r\n\r\n\r\n<figure class="wp-block-image size-large"><img width="640" height="458" src="data:image/svg+xml,%3Csvg%20xmlns=\'http://www.w3.org/2000/svg\'%20viewBox=\'0%200%20640%20458\'%3E%3C/svg%3E" alt="jeune mec, débutant en informatique travaille sur son ordinateur portable" class="wp-image-477544" data-lazy-srcset="https://blog.lesjeudis.com/wp-content/uploads/2017/12/debutant-en-informatique-programme-sur-son-portable-640.jpg 640w, https://blog.lesjeudis.com/wp-content/uploads/2017/12/debutant-en-informatique-programme-sur-son-portable-640-300x215.jpg 300w, https://blog.lesjeudis.com/wp-content/uploads/2017/12/debutant-en-informatique-programme-sur-son-portable-640-80x57.jpg 80w" data-lazy-sizes="(max-width: 640px) 100vw, 640px" data-lazy-src="https://blog.lesjeudis.com/wp-content/uploads/2017/12/debutant-en-informatique-programme-sur-son-portable-640.jpg" /><noscript><img width="640" height="458" src="https://blog.lesjeudis.com/wp-content/uploads/2017/12/debutant-en-informatique-programme-sur-son-portable-640.jpg" alt="jeune mec, débutant en informatique travaille sur son ordinateur portable" class="wp-image-477544" srcset="https://blog.lesjeudis.com/wp-content/uploads/2017/12/debutant-en-informatique-programme-sur-son-portable-640.jpg 640w, https://blog.lesjeudis.com/wp-content/uploads/2017/12/debutant-en-informatique-programme-sur-son-portable-640-300x215.jpg 300w, https://blog.lesjeudis.com/wp-content/uploads/2017/12/debutant-en-informatique-programme-sur-son-portable-640-80x57.jpg 80w" sizes="(max-width: 640px) 100vw, 640px" /></noscript></figure>\r\n\r\n\r\n\r\n<p>Que vous soyez <a href="https://www.lesjeudis.com/metiers/g%C3%A9n%C3%A9ral/d%C3%A9veloppeur-junior">développeur débutant</a> on confirmé, le choix d’un <a href="https://www.lesjeudis.com/technologies/langage">langage de programmation</a> va conditionner votre vision du développement. S’il apparaît primordial que ce choix se base avant tout sur des préférences personnelles, il est important de le conforter au regard d’un certain nombre de critères et statistiques.</p>\r\n\r\n\r\n\r\n<p>Quels sont ces critères à prendre en compte pour choisir son premier langage de programmation ? Comment s’assurer que ce dernier sera cohérent avec son <a href="https://blog.lesjeudis.com/projet-professionnel">projet professionnel</a> et ses <a href="https://blog.lesjeudis.com/developpeurs-mieux-valoriser-vos-competences-techniques">compétences</a> ?&nbsp;</p>\r\n\r\n\r\n\r\n<p>Pour répondre à ces questions, nous avons enquêté sur différents sites web et classements afin de vous proposer des critères de sélection fiables et pertinents et vous aider à faire votre choix.</p>\r\n\r\n\r\n\r\n<h2>Comment choisir son 1er langage de programmation ?</h2>\r\n\r\n\r\n\r\n<p>Afin d’identifier le langage de programmation qui vous correspond, vous allez devoir vous attarder sur un certain nombre de points, parmi lesquels :</p>\r\n\r\n\r\n\r\n<ul><li>L’utilisation qui en sera faite (le projet)</li><li>La facilité d’apprentissage</li><li>La popularité du langage</li><li>La communauté dont il bénéficie</li></ul>\r\n\r\n\r\n\r\n<h3>Le projet&nbsp;&nbsp;</h3>\r\n\r\n\r\n\r\n<p>Un des critères les plus importants à prendre en compte dans l’apprentissage d’un langage de programmation correspond à l’utilisation qui en sera faite (autrement dit, à votre projet).&nbsp;</p>\r\n\r\n\r\n\r\n<p>En effet, vous n’allez pas choisir le même langage de programmation si votre projet consiste à :</p>\r\n\r\n\r\n\r\n<ul><li>Développer des applications mobiles (iOS, Android, Windows Phone ?)</li><li>Développer des systèmes embarqués</li><li>Développer des jeux vidéo</li><li>Travailler en front-end (interface utilisateur) ou en back-end (gestion de données)</li><li>Développer des applications de bureau</li></ul>\r\n\r\n\r\n\r\n<p>Si certains langages de programmation permettent d’envisager une très grande diversité de projets comme Javascript, d’autres seront plus adaptés au développement Front-End et/ou Back-End (PhP, Ruby) ou au développement d’applications web (Swift, Objective-C, C++).</p>\r\n\r\n\r\n\r\n<p>Certains présentent des spécificités à prendre en compte comme Python qui est très apprécié des Data Scientists grâce à sa large gamme de librairies, particulièrement adaptée au calcul mathématique et à l’analyse de données.</p>\r\n\r\n\r\n\r\n<h3>La facilité d’apprentissage</h3>\r\n\r\n\r\n\r\n<p>Choisir un langage de programmation “simple” permet de progresser plus rapidement, d’autant plus si vous êtes débutant.</p>'),
(14, 'My Easy Center : le compagnon idéal des utilisateurs du logiciel SCCM de Microsoft', 'Sophie Romilly', '2020-06-08', 'MyEC_5.5_img05-1600x900.jpg', '<p>Localisée à Neuilly-Sur-Seine, la société&nbsp;<a rel="sponsored" href="http://easycenter-corp.com/">Easy Center Corp</a> Consulting&nbsp;est spécialisée dans le conseil en systèmes et logiciels informatiques. Elle est experte dans la gamme Microsoft System Center et le développement de progiciels autour des produits de la gamme System Center.&nbsp;Dirigée par&nbsp;<a rel="sponsored" href="https://fr.linkedin.com/in/moise-tossou-42970727">Moïse Tossou</a>, l’entreprise est forte de 35 &nbsp;collaborateurs venus de tout horizon (des profils juniors comme des profils seniors ayant en moyenne plus de 20 ans d’expérience dans la mise en place et la gestion de projets sur les produits Microsoft). </p>\r\n\r\n\r\n\r\n<p>Easy Center Corp Consulting s’impose donc en leader de l’expertise technique. Sa valeur ajoutée&nbsp;? La mise en place d’architectures Microsoft System Center, un accompagnement à la réalisation d’implémentation d’infrastructure SCCM et MECM, ainsi que l’élaboration du planning de mise en œuvre.</p>\r\n\r\n\r\n\r\n<p>Sa\r\nsolution phare, My Easy Center 5.5, sera disponible dès le 15 Avril 2020 dans\r\nune nouvelle version révolutionnaire ! Moïse Tossou vous dit tout sur ce qui va\r\nchanger.&nbsp;</p>\r\n\r\n\r\n\r\n<p><strong>Pourquoi\r\npouvons-nous considérer que le logiciel My Easy Center est le compagnon\r\nobligatoire pour les utilisateurs de la solution SCCM ?&nbsp;</strong></p>\r\n\r\n\r\n\r\n<p>Moïse\r\nTossou : Nous pouvons constater que\r\nnous vivons actuellement une période d’évolution importante de l’IT avec des\r\ncycles de mises à jour récurrentes et rapprochées pour l’ensemble des logiciels\r\nclients et serveurs. </p>\r\n\r\n\r\n\r\n<p>Les\r\ncontraintes de mises à jour des OS Windows 10, des Patchs de sécurité et&nbsp;&nbsp; d’environnement de travail SCCM impliquent\r\nla mise en œuvre de processus d’analyse d’incidents plus performant, plus\r\napprofondis et complexes.</p>\r\n\r\n\r\n\r\n<p>Le\r\nlogiciel My Easy Center permet de centraliser au mieux l’ensemble des nouvelles\r\nexigences demandées à l’IT.</p>\r\n\r\n\r\n\r\n<figure class="wp-block-image size-large"><img width="1024" height="555" src="data:image/svg+xml,%3Csvg%20xmlns=\'http://www.w3.org/2000/svg\'%20viewBox=\'0%200%201024%20555\'%3E%3C/svg%3E" alt="" class="wp-image-489612" data-lazy-srcset="https://blog.lesjeudis.com/wp-content/uploads/2020/03/MyEC_5.5_img04-1024x555.jpg 1024w, https://blog.lesjeudis.com/wp-content/uploads/2020/03/MyEC_5.5_img04-300x162.jpg 300w, https://blog.lesjeudis.com/wp-content/uploads/2020/03/MyEC_5.5_img04-768x416.jpg 768w" data-lazy-sizes="(max-width: 1024px) 100vw, 1024px" data-lazy-src="https://blog.lesjeudis.com/wp-content/uploads/2020/03/MyEC_5.5_img04-1024x555.jpg" /><noscript><img width="1024" height="555" src="https://blog.lesjeudis.com/wp-content/uploads/2020/03/MyEC_5.5_img04-1024x555.jpg" alt="" class="wp-image-489612" srcset="https://blog.lesjeudis.com/wp-content/uploads/2020/03/MyEC_5.5_img04-1024x555.jpg 1024w, https://blog.lesjeudis.com/wp-content/uploads/2020/03/MyEC_5.5_img04-300x162.jpg 300w, https://blog.lesjeudis.com/wp-content/uploads/2020/03/MyEC_5.5_img04-768x416.jpg 768w" sizes="(max-width: 1024px) 100vw, 1024px" /></noscript></figure>\r\n\r\n\r\n\r\n<figure class="wp-block-image size-large"><img width="700" height="383" src="data:image/svg+xml,%3Csvg%20xmlns=\'http://www.w3.org/2000/svg\'%20viewBox=\'0%200%20700%20383\'%3E%3C/svg%3E" alt="" class="wp-image-489611" data-lazy-srcset="https://blog.lesjeudis.com/wp-content/uploads/2020/03/MyEC_5.5_img03.jpg 700w, https://blog.lesjeudis.com/wp-content/uploads/2020/03/MyEC_5.5_img03-300x164.jpg 300w" data-lazy-sizes="(max-width: 700px) 100vw, 700px" data-lazy-src="https://blog.lesjeudis.com/wp-content/uploads/2020/03/MyEC_5.5_img03.jpg" /><noscript><img width="700" height="383" src="https://blog.lesjeudis.com/wp-content/uploads/2020/03/MyEC_5.5_img03.jpg" alt="" class="wp-image-489611" srcset="https://blog.lesjeudis.com/wp-content/uploads/2020/03/MyEC_5.5_img03.jpg 700w, https://blog.lesjeudis.com/wp-content/uploads/2020/03/MyEC_5.5_img03-300x164.jpg 300w" sizes="(max-width: 700px) 100vw, 700px" /></noscript></figure>\r\n\r\n\r\n\r\n<p>La\r\npuissance du nouveau moteur d’analyse des données, intégrée au noyau My Easy\r\nCenter permet&nbsp;:</p>');

-- --------------------------------------------------------

--
-- Structure de la table `tags`
--

CREATE TABLE `tags` (
  `id` int(3) NOT NULL,
  `tag` varchar(50) NOT NULL
) ENGINE=InnoDB DEFAULT CHARSET=latin1;

--
-- Contenu de la table `tags`
--

INSERT INTO `tags` (`id`, `tag`) VALUES
(1, 'toto'),
(2, 'titi'),
(3, 'tata'),
(4, 'tutu'),
(5, 'tyty'),
(6, 'manu');

-- --------------------------------------------------------

--
-- Structure de la table `tag_msg`
--

CREATE TABLE `tag_msg` (
  `id` int(3) UNSIGNED NOT NULL,
  `id_tag` int(3) NOT NULL,
  `id_msg` int(3) NOT NULL
) ENGINE=InnoDB DEFAULT CHARSET=latin1;

--
-- Contenu de la table `tag_msg`
--

INSERT INTO `tag_msg` (`id`, `id_tag`, `id_msg`) VALUES
(1, 4, 1),
(2, 4, 2),
(3, 3, 3),
(4, 2, 4),
(5, 2, 5),
(6, 5, 1),
(7, 5, 2),
(8, 5, 3),
(9, 5, 4),
(10, 3, 5),
(11, 6, 3),
(12, 6, 2),
(13, 6, 4);

--
-- Index pour les tables exportées
--

--
-- Index pour la table `categorie`
--
ALTER TABLE `categorie`
  ADD PRIMARY KEY (`id`);

--
-- Index pour la table `cat_msg`
--
ALTER TABLE `cat_msg`
  ADD PRIMARY KEY (`id`);

--
-- Index pour la table `messages`
--
ALTER TABLE `messages`
  ADD PRIMARY KEY (`id`);

--
-- Index pour la table `tags`
--
ALTER TABLE `tags`
  ADD PRIMARY KEY (`id`);

--
-- Index pour la table `tag_msg`
--
ALTER TABLE `tag_msg`
  ADD PRIMARY KEY (`id`);

--
-- AUTO_INCREMENT pour les tables exportées
--

--
-- AUTO_INCREMENT pour la table `categorie`
--
ALTER TABLE `categorie`
  MODIFY `id` int(3) NOT NULL AUTO_INCREMENT, AUTO_INCREMENT=6;
--
-- AUTO_INCREMENT pour la table `cat_msg`
--
ALTER TABLE `cat_msg`
  MODIFY `id` int(5) NOT NULL AUTO_INCREMENT, AUTO_INCREMENT=13;
--
-- AUTO_INCREMENT pour la table `messages`
--
ALTER TABLE `messages`
  MODIFY `id` int(11) NOT NULL AUTO_INCREMENT, AUTO_INCREMENT=15;
--
-- AUTO_INCREMENT pour la table `tags`
--
ALTER TABLE `tags`
  MODIFY `id` int(3) NOT NULL AUTO_INCREMENT, AUTO_INCREMENT=7;
--
-- AUTO_INCREMENT pour la table `tag_msg`
--
ALTER TABLE `tag_msg`
  MODIFY `id` int(3) UNSIGNED NOT NULL AUTO_INCREMENT, AUTO_INCREMENT=14;
/*!40101 SET CHARACTER_SET_CLIENT=@OLD_CHARACTER_SET_CLIENT */;
/*!40101 SET CHARACTER_SET_RESULTS=@OLD_CHARACTER_SET_RESULTS */;
/*!40101 SET COLLATION_CONNECTION=@OLD_COLLATION_CONNECTION */;
